post_id,post_type,post_thumbnail

529611270,product,http://www.cicihot.com/media/catalog/product/c/l/clothing-tops-romper-cef-r139_multi_1_1.jpg

529611271,product,http://www.cicihot.com/media/catalog/product/c/l/clothing-tops-romper-sanj-d-284_blackwhite_1.jpg

529611272,product,http://www.cicihot.com/media/catalog/product/c/l/clothing-dresses-cris-d1124-blk_black_1.jpg

529611273,product,http://www.cicihot.com/media/catalog/product/c/l/clothing-dresses-cris-d1124-red_red_1.jpg

529611274,product,http://www.cicihot.com/media/catalog/product/c/l/clothing-dresses-cris-d1171_black_1.jpg

529611275,product,http://www.cicihot.com/media/catalog/product/c/l/clothing-dresses-umg-a7949-blk_black_1.jpg

529611276,product,http://www.cicihot.com/media/catalog/product/c/l/clothing-dresses-umg-a7949-blsh_blush_1.jpg

529611277,product,http://www.cicihot.com/media/catalog/product/a/c/accessories-necklaces-jti-jtn-0021-lav_lavender_1.jpg

529611278,product,http://www.cicihot.com/media/catalog/product/a/c/accessories-necklaces-jti-jtn-0021-nyell_neonyellow_1.jpg

529611279,product,http://www.cicihot.com/media/catalog/product/c/l/clothing-dresses-umg-c6451_peach_1.jpg

529611280,product,http://www.cicihot.com/media/catalog/product/c/l/clothing-dresses-umg-c6605-man_mandarin_1.jpg

529611281,product,http://www.cicihot.com/media/catalog/product/c/l/clothing-dresses-umg-c6635-pea_peach_1.jpg

529611282,product,http://www.cicihot.com/media/catalog/product/c/l/clothing-dresses-umg-c6635-tea_teal_1.jpg

529611283,product,http://www.cicihot.com/media/catalog/product/c/l/clothing-dresses-kt-cd4744_neonpink_1.jpg

529611284,product,http://www.cicihot.com/media/catalog/product/c/l/clothing-dresses-lef-0656-bk_black_1.jpg

529611285,product,http://www.cicihot.com/media/catalog/product/c/l/clothing-dresses-lef-0727-bk-w_zebra_1.jpg

529611286,product,http://www.cicihot.com/media/catalog/product/c/l/clothing-dresses-lef-0727-red_tomato_1.jpg

529611287,product,http://www.cicihot.com/media/catalog/product/c/l/clothing-dresses-lef-0733-bl-bk_indigo_1.jpg

529611288,product,http://www.cicihot.com/media/catalog/product/c/l/clothing-dresses-mezz-d20052-10_pink_1.jpg

529611289,product,http://www.cicihot.com/media/catalog/product/s/h/shoes-heels-gic-gaga-06-royblu_royalblue_1.jpg

529611290,product,http://www.cicihot.com/media/catalog/product/s/h/shoes-heels-gic-linda-01_black_1.jpg

529611291,product,http://www.cicihot.com/media/catalog/product/s/h/shoes-heels-gic-linda-15-nud_nude_1.jpg

529611292,product,http://www.cicihot.com/media/catalog/product/s/h/shoes-heels-gic-linda-17-blk_black_1.jpg

529611293,product,http://www.cicihot.com/media/catalog/product/s/h/shoes-heels-gic-linda-17-nud_nude_1.jpg

529611294,product,http://www.cicihot.com/media/catalog/product/s/h/shoes-sandals-jpo-cope-09_mint_1.jpg

529611295,product,http://www.cicihot.com/media/catalog/product/s/h/shoes-heels-gic-linda-18-min_mint_1.jpg

529611296,product,http://www.cicihot.com/media/catalog/product/s/h/shoes-heels-gic-linda-18-nud_nude_1.jpg

529611297,product,http://www.cicihot.com/media/catalog/product/s/h/shoes-heels-gic-linda-23-cor_coral_1.jpg

529611298,product,http://www.cicihot.com/media/catalog/product/s/h/shoes-heels-gic-linda-23-nud_nude_1_1.jpg

529611299,product,http://www.cicihot.com/media/catalog/product/s/h/shoes-sandals-jpo-grayson-01-blu_blue_1.jpg

529611300,product,http://www.cicihot.com/media/catalog/product/s/h/shoes-sandals-jpo-grayson-01-fus_fuchsia_1.jpg

529611301,product,http://www.cicihot.com/media/catalog/product/s/h/shoes-sandals-jpo-grayson-04_black_1.jpg

529611302,product,http://www.cicihot.com/media/catalog/product/s/h/shoes-sandals-jpo-jaxon-02_chestnut_1.jpg

529611303,product,http://www.cicihot.com/media/catalog/product/c/l/clothing-tops-blouses-clee-t2741-mlt_multi_1.jpg

529611304,product,http://www.cicihot.com/media/catalog/product/c/l/clothing-tops-bodysuit-cod-t-3564_blackwhite_1.jpg

529611305,product,http://www.cicihot.com/media/catalog/product/s/h/shoes-sandals-jpo-raku-07_black_1.jpg

529818573,product,http://www.cicihot.com/media/catalog/product/c/l/clothing-dresses-lef-0149-red_red_1.jpg

529818574,product,http://www.cicihot.com/media/catalog/product/_/c/_clothing-bottoms-pants-mezz-p7334-2_multi_1.jpg

529818575,product,http://www.cicihot.com/media/catalog/product/_/c/_clothing-bottoms-shorts-mezz-p7228_mint_1.jpg

529818576,product,http://www.cicihot.com/media/catalog/product/_/c/_clothing-bottoms-skirt-mezz-s5927-1_ivory_1.jpg

529818577,product,http://www.cicihot.com/media/catalog/product/_/c/_clothing-bottoms-skirts-mezz-s5927-1_black_1.jpg

529818578,product,http://www.cicihot.com/media/catalog/product/_/c/_clothing-dresses-mezz-d20642_royalblue_1.jpg

529818579,product,http://www.cicihot.com/media/catalog/product/c/l/clothing-bottom-shorts-spa-s574_darkblue_1.jpg

529818580,product,http://www.cicihot.com/media/catalog/product/c/l/clothing-bottoms-leggings-cp4661_red_1.jpg

529818581,product,http://www.cicihot.com/media/catalog/product/c/l/clothing-bottoms-pants-dpf-3001-a_black_1.jpg

529818582,product,http://www.cicihot.com/media/catalog/product/c/l/clothing-bottoms-pants-dpf-3001-b_black_1.jpg

529818583,product,http://www.cicihot.com/media/catalog/product/c/l/clothing-tops-romper-cs-2010-blk_black_1.jpg

529818584,product,http://www.cicihot.com/media/catalog/product/c/l/clothing-tops-romper-cs-2010-nav_navy_1.jpg

529818585,product,http://www.cicihot.com/media/catalog/product/c/l/clothing-tops-romper-cs-2038-blk_black_1.jpg

529818586,product,http://www.cicihot.com/media/catalog/product/c/l/clothing-tops-romper-cs-2038-gry_grey_1.jpg

529818587,product,http://www.cicihot.com/media/catalog/product/c/l/clothing-tops-romper-cs-2038-nav_navy_1.jpg

529818588,product,http://www.cicihot.com/media/catalog/product/c/l/clothing-tops-romper-cs-2038-whte_white_1.jpg

529818589,product,http://www.cicihot.com/media/catalog/product/c/l/clothing-bottoms-skirts-bet-s7665-blk_black_1.jpg

529818590,product,http://www.cicihot.com/media/catalog/product/c/l/clothing-bottoms-skirts-bet-s7665-burg_burgundy_1.jpg

529818591,product,http://www.cicihot.com/media/catalog/product/c/l/clothing-bottoms-skirts-cherry-s504-blk_black_1.jpg

529818592,product,http://www.cicihot.com/media/catalog/product/c/l/clothing-bottoms-skirts-cherry-s504-cor_coral_1.jpg

529818593,product,http://www.cicihot.com/media/catalog/product/c/l/clothing-bottoms-skirts-cherry-s504-min_mint_1.jpg

529818594,product,http://www.cicihot.com/media/catalog/product/c/l/clothing-bottoms-skirts-cherry-s504-pin_pink_1.jpg

529818595,product,http://www.cicihot.com/media/catalog/product/c/l/clothing-bottoms-skirts-cherry-s504-royblu_royalblue_1.jpg

529818596,product,http://www.cicihot.com/media/catalog/product/c/l/clothing-bottoms-skirts-cherry-s504-whte_white_1.jpg

529818597,product,http://www.cicihot.com/media/catalog/product/_/c/_clothing-dresses-mezz-d20914_black_1.jpg

529818598,product,http://www.cicihot.com/media/catalog/product/_/c/_clothing-tops-bodysuit-mezz-t8898-1_blue_1.jpg

529818599,product,http://www.cicihot.com/media/catalog/product/_/c/_clothing-tops-cropped-mezz-t4442-blk_black_1.jpg

529818600,product,http://www.cicihot.com/media/catalog/product/_/c/_clothing-tops-cropped-mezz-t4442-whte_white_1.jpg

529818601,product,http://www.cicihot.com/media/catalog/product/c/l/clothing-bottoms-skirts-tc-s5830-whte_white_1.jpg

529818602,product,http://www.cicihot.com/media/catalog/product/c/l/clothing-bottoms-skirts-tc-s6543_black_1.jpg

529818603,product,http://www.cicihot.com/media/catalog/product/c/l/clothing-bottoms-skirts-tt-ts5050_blackwhite_1.jpg

529818604,product,http://www.cicihot.com/media/catalog/product/c/l/clothing-dresses-bet-d10429_black_1.jpg

529818605,product,http://www.cicihot.com/media/catalog/product/c/l/clothing-dresses-bet-d10464-blk_black_1.jpg

529818606,product,http://www.cicihot.com/media/catalog/product/c/l/clothing-dresses-bet-d10464-fusc_fuchsia_1.jpg

529818607,product,http://www.cicihot.com/media/catalog/product/c/l/clothing-dresses-sab-5567d-bge_beige_1.jpg

529818608,product,http://www.cicihot.com/media/catalog/product/c/l/clothing-dresses-sab-5567d-cor_coral_1.jpg

529818609,product,http://www.cicihot.com/media/catalog/product/c/l/clothing-dresses-sab-5688d-blk_black_1.jpg

529818610,product,http://www.cicihot.com/media/catalog/product/c/l/clothing-dresses-bet-d10464-tur_turquoise_1.jpg

529818611,product,http://www.cicihot.com/media/catalog/product/c/l/clothing-dresses-bet-d10484_red_1_1.jpg

529818613,product,http://www.cicihot.com/media/catalog/product/c/l/clothing-dresses-cod-d-3915-blk_black_1.jpg

529818614,product,http://www.cicihot.com/media/catalog/product/c/l/clothing-dresses-cod-d-3915-sal_salmon_1.jpg

529818615,product,http://www.cicihot.com/media/catalog/product/c/l/clothing-dresses-cod-d-3915-whte_white_1.jpg

529818616,product,http://www.cicihot.com/media/catalog/product/c/l/clothing-dresses-tt-td3706_black_1_1.jpg

529818617,product,http://www.cicihot.com/media/catalog/product/c/l/clothing-dresses-tt-td6125_black_1.jpg

529818618,product,http://www.cicihot.com/media/catalog/product/c/l/clothing-dresses-wow-b1839_teal_1.jpg

529818619,product,http://www.cicihot.com/media/catalog/product/c/l/clothing-dresses-juju-d13429_blackwhite_1.jpg

529898931,product,http://www.cicihot.com/media/catalog/product/s/h/shoes-heels-rpc-vicky-01-bge_beige_1.jpg

529898934,product,http://www.cicihot.com/media/catalog/product/c/l/clothing-bottoms-leggings-juju-p13489-npnk__neonpink_1.jpg

529898935,product,http://www.cicihot.com/media/catalog/product/c/l/clothing-bottoms-leggings-juju-p13489-pur_purple_1.jpg

529898938,product,http://www.cicihot.com/media/catalog/product/c/l/clothing-bottoms-pants-lga-b876-pnk_pink_1.jpg

529898939,product,http://www.cicihot.com/media/catalog/product/c/l/clothing-bottoms-pants-lga-b909_blue_1.jpg

529898940,product,http://www.cicihot.com/media/catalog/product/c/l/clothing-bottoms-pants-lga-b961_mint_1.jpg

529898941,product,http://www.cicihot.com/media/catalog/product/c/l/clothing-tops-blouse-tc-t5249_black_1.jpg

529898942,product,http://www.cicihot.com/media/catalog/product/_/c/_clothing-tops-cropped-mezz-t8214-2_multi_1.jpg

529898943,product,http://www.cicihot.com/media/catalog/product/c/l/clothing-tops-cropped-mezz-t9360_ivory_1.jpg

529898944,product,http://www.cicihot.com/media/catalog/product/c/l/clothing-bottoms-skirts-mc-cms101024an_ivory_1.jpg

529898945,product,http://www.cicihot.com/media/catalog/product/c/l/clothing-tops-cropped-tc-t5144_black_1.jpg

529898946,product,http://www.cicihot.com/media/catalog/product/c/l/clothing-tops-cropped-tc-t5240_blackwhite_1.jpg

529898947,product,http://www.cicihot.com/media/catalog/product/c/l/clothing-dresses-bet-d10534_pinkblack_1.jpg

529898948,product,http://www.cicihot.com/media/catalog/product/s/h/shoes-wedges-elc-jasper-01-blk_black_1.jpg

529898949,product,http://www.cicihot.com/media/catalog/product/s/h/shoes-wedges-elc-jasper-01-tan_tan_1.jpg

529898950,product,http://www.cicihot.com/media/catalog/product/s/h/shoes-wedges-elc-jasper-01-whte_white_1.jpg

529898951,product,http://www.cicihot.com/media/catalog/product/c/l/clothing-dresses-cod-d-3618_multi_1_1.jpg

529898952,product,http://www.cicihot.com/media/catalog/product/s/h/shoes-heels-lfi-adele-24_nude_1_1.jpg

529898953,product,http://www.cicihot.com/media/catalog/product/c/l/clothing-dresses-tt-td6184_black_1.jpg

529898954,product,http://www.cicihot.com/media/catalog/product/c/l/clothing-dresses-tt-td6359-blk_black_1.jpg

529898955,product,http://www.cicihot.com/media/catalog/product/c/l/clothing-dresses-tt-td6359-lav_lavender_1.jpg

529898956,product,http://www.cicihot.com/media/catalog/product/s/h/shoes-wedges-lfi-elisha-11-blk_black_1.jpg

529898957,product,http://www.cicihot.com/media/catalog/product/s/h/shoes-wedges-lfi-elisha-11-nud_nude_1.jpg

529898958,product,http://www.cicihot.com/media/catalog/product/s/h/shoes-wedges-lfi-madison-93-blk_black_1.jpg

529898959,product,http://www.cicihot.com/media/catalog/product/s/h/shoes-wedges-lfi-madison-93-whte_white_1.jpg

530454850,product,http://www.cicihot.com/media/catalog/product/a/c/accessories-sunglasses-jti-3484-ind_indigo_1.jpg

530454851,product,http://www.cicihot.com/media/catalog/product/a/c/accessories-sunglasses-jti-3484-org_orange_1.jpg

530454852,product,http://www.cicihot.com/media/catalog/product/a/c/accessories-sunglasses-jti-3484-yell_yellow_1.jpg

530454853,product,http://www.cicihot.com/media/catalog/product/a/c/accessories-sunglasses-jti-9953-gld_gold_1.jpg

530454854,product,http://www.cicihot.com/media/catalog/product/a/c/accessories-sunglasses-jti-9953-sil_silver_1.jpg

530454855,product,http://www.cicihot.com/media/catalog/product/c/l/clothing-sweaters-bet-t-4793_blackwhite_1.jpg

530454856,product,http://www.cicihot.com/media/catalog/product/s/h/shoes-sandals-elc-lana-310x-blk_black_1.jpg

530454857,product,http://www.cicihot.com/media/catalog/product/s/h/shoes-sandals-elc-lana-310x-whte_white_1.jpg

530454858,product,http://www.cicihot.com/media/catalog/product/c/l/clothing-tops-blouse-bet-t-4449_red_1.jpg

530454859,product,http://www.cicihot.com/media/catalog/product/c/l/clothing-tops-blouse-bet-t-4650_blackwhite_1.jpg

530454860,product,http://www.cicihot.com/media/catalog/product/c/l/clothing-tops-blouse-bet-t4539_multi_1.jpg

530454861,product,http://www.cicihot.com/media/catalog/product/c/l/clothing-bottoms-leggings-bet-p5597-1_pinkblack_1.jpg

530454862,product,http://www.cicihot.com/media/catalog/product/c/l/clothing-dresses-mezz-d21027_black_1.jpg

530454863,product,http://www.cicihot.com/media/catalog/product/c/l/clothing-tops-blouse-cs-1164-htpnk_hotpink_1.jpg

530454864,product,http://www.cicihot.com/media/catalog/product/c/l/clothing-tops-blouse-cs-1164-pur_purple_1.jpg

530454865,product,http://www.cicihot.com/media/catalog/product/c/l/clothing-tops-blouse-cs-1164-whte_white_1_1.jpg

530454866,product,http://www.cicihot.com/media/catalog/product/c/l/clothing-tops-blouse-cs-1242-blk_black_1.jpg

530454867,product,http://www.cicihot.com/media/catalog/product/c/l/clothing-tops-blouse-cs-1242-red_red_1.jpg

530454868,product,http://www.cicihot.com/media/catalog/product/c/l/clothing-bottoms-leggings-p5610b_blackwhite_1.jpg

530454869,product,http://www.cicihot.com/media/catalog/product/s/h/shoes-heels-jpo-baha-17-blk_black_1.jpg

530454870,product,http://www.cicihot.com/media/catalog/product/s/h/shoes-heels-jpo-baha-17-yell_yellow_1.jpg

530454871,product,http://www.cicihot.com/media/catalog/product/s/h/shoes-heels-jpo-ceasar-blk_black_1.jpg

530454872,product,http://www.cicihot.com/media/catalog/product/s/h/shoes-heels-jpo-ceasar-tan_tan_1_1.jpg

530454873,product,http://www.cicihot.com/media/catalog/product/c/l/clothing-tops-blouse-trl-t1657-blk_black_1.jpg

530454874,product,http://www.cicihot.com/media/catalog/product/c/l/clothing-tops-blouse-trl-t1657-dkgry_darkgrey_1.jpg

530454875,product,http://www.cicihot.com/media/catalog/product/s/h/shoes-sandals-lfi-hermosa-01-fucs_fuchsia_1.jpg

530454876,product,http://www.cicihot.com/media/catalog/product/s/h/shoes-heels-jpo-glass-blk_black_1.jpg

530454878,product,http://www.cicihot.com/media/catalog/product/s/h/shoes-sneakers-lfi-afton-01-blk_black_1.jpg

530454879,product,http://www.cicihot.com/media/catalog/product/s/h/shoes-heels-jpo-perton-55_red_1.jpg

530454880,product,http://www.cicihot.com/media/catalog/product/s/h/shoes-sneakers-lfi-afton-01-gld_gold_1.jpg

530454881,product,http://www.cicihot.com/media/catalog/product/s/h/shoes-sneakers-lfi-fever-18-blk_black_1.jpg

530454882,product,http://www.cicihot.com/media/catalog/product/s/h/shoes-sneakers-lfi-fever-25-blk_black_1.jpg

530454883,product,http://www.cicihot.com/media/catalog/product/s/h/shoes-sneakers-lfi-fever-25-nat_natural_1.jpg

530454884,product,http://www.cicihot.com/media/catalog/product/c/l/clothing-tops-cropped-trl-t1468-char_charcoal_1.jpg

530454885,product,http://www.cicihot.com/media/catalog/product/c/l/clothing-tops-cropped-trl-t1468-fus_fuchsia_1.jpg

530454886,product,http://www.cicihot.com/media/catalog/product/c/l/clothing-tops-cropped-trl-t1468-ivry_ivory_1.jpg

530454887,product,http://www.cicihot.com/media/catalog/product/c/l/clothing-tops-cropped-trl-t1468-tur_turquoise_1.jpg

530454888,product,http://www.cicihot.com/media/catalog/product/c/l/clothing-tops-cropped-trl-t1481-blk_black_1_1.jpg

530454889,product,http://www.cicihot.com/media/catalog/product/c/l/clothing-tops-cropped-trl-t1481-nav_navy_1.jpg

530454890,product,http://www.cicihot.com/media/catalog/product/c/l/clothing-tops-cropped-trl-t1481-win_wine_1.jpg

530454891,product,http://www.cicihot.com/media/catalog/product/c/l/clothing-tops-cropped-trl-t1604-blk_black_1.jpg

530454892,product,http://www.cicihot.com/media/catalog/product/c/l/clothing-tops-cropped-trl-t1604-char_charcoal_1.jpg

530454893,product,http://www.cicihot.com/media/catalog/product/c/l/clothing-tops-cropped-trl-t1604-moc_mocha_1.jpg

530454894,product,http://www.cicihot.com/media/catalog/product/c/l/clothing-tops-cropped-trl-t1604-red_red_1.jpg

530454895,product,http://www.cicihot.com/media/catalog/product/c/l/clothing-dresses-sab-5029d_red_1.jpg

530454896,product,http://www.cicihot.com/media/catalog/product/c/l/clothing-bottoms-skirts-mezz-s5981_black_1.jpg

530454898,product,http://www.cicihot.com/media/catalog/product/a/c/accesories-sunglasses-jti-6091pa-blk_black_1.jpg

530454899,product,http://www.cicihot.com/media/catalog/product/a/c/accesories-sunglasses-jti-6091pa-brn_brown_1.jpg

530454900,product,http://www.cicihot.com/media/catalog/product/a/c/accesories-sunglasses-jti-9821col-gry_grey_1.jpg

530454901,product,http://www.cicihot.com/media/catalog/product/a/c/accesories-sunglasses-jti-9821col-min_mint_1.jpg

530454902,product,http://www.cicihot.com/media/catalog/product/a/c/accesories-sunglasses-jti-9821col-org_orange_1.jpg

530454903,product,http://www.cicihot.com/media/catalog/product/a/c/accesories-sunglasses-jti-9821col-pin_pink_1.jpg

530454904,product,http://www.cicihot.com/media/catalog/product/c/l/clothing-dresses-sab-i5605d_black_3.jpg

530454905,product,http://www.cicihot.com/media/catalog/product/s/h/shoes-heels-kii-iggy-2_pink_1.jpg

530454907,product,http://www.cicihot.com/media/catalog/product/s/h/shoes-heels-kii-luxy-9-blk_black_1.jpg

530454908,product,http://www.cicihot.com/media/catalog/product/s/h/shoes-heels-kii-luxy-9-gry_grey_1.jpg

530454909,product,http://www.cicihot.com/media/catalog/product/s/h/shoes-heels-kii-luxy-9-nud_nude_1.jpg

530454910,product,http://www.cicihot.com/media/catalog/product/s/h/shoes-heels-kii-maniac-6-rnbw_multi_1.jpg

530454911,product,http://www.cicihot.com/media/catalog/product/s/h/shoes-heels-kii-maniac-6-std_multi_1.jpg

530454912,product,http://www.cicihot.com/media/catalog/product/s/h/shoes-wedges-jpo-bittersweet-blk_black_1.jpg

530454913,product,http://www.cicihot.com/media/catalog/product/s/h/shoes-wedges-jpo-bittersweet-ros_rosegold_1.jpg

530454914,product,http://www.cicihot.com/media/catalog/product/c/l/clothing-dresses-bet-d-10546_blackwhite_5.jpg

530454915,product,http://www.cicihot.com/media/catalog/product/s/h/shoes-heels-kii-olga-1a-whte_white_1_1.jpg

530454916,product,http://www.cicihot.com/media/catalog/product/s/h/shoes-heels-kii-olga-1b-blk_multi_1.jpg

530454917,product,http://www.cicihot.com/media/catalog/product/s/h/shoes-wedges-jpo-grace-blk_black_1.jpg

530454918,product,http://www.cicihot.com/media/catalog/product/s/h/shoes-wedges-jpo-grace-chn_chestnut_1.jpg

530454919,product,http://www.cicihot.com/media/catalog/product/a/c/accessories-bracelets-fam-ybhj3091_gold_1.jpg

530454921,product,http://www.cicihot.com/media/catalog/product/c/l/clothing-dresses-clee-4099-blk_black_1.jpg

530454922,product,http://www.cicihot.com/media/catalog/product/c/l/clothing-dresses-clee-4099-mau_mauve_1.jpg

530454923,product,http://www.cicihot.com/media/catalog/product/c/l/clothing-dresses-clee-4099-red_red_1.jpg

530454924,product,http://www.cicihot.com/media/catalog/product/s/h/shoes-heels-lfi-jacklyn-20-blk_black_1.jpg

530454925,product,http://www.cicihot.com/media/catalog/product/s/h/shoes-heels-lfi-jacklyn-20-leo_leopard_1.jpg

530454926,product,http://www.cicihot.com/media/catalog/product/c/l/clothing-dresses-sym-d18430_red_1.jpg

530454927,product,http://www.cicihot.com/media/catalog/product/c/l/clothing-dresses-cod-d-3355_blackwhite_1.jpg

530454928,product,http://www.cicihot.com/media/catalog/product/c/l/clothing-dresses-tc-d2993_black_1.jpg

530454929,product,http://www.cicihot.com/media/catalog/product/c/l/clothing-dresses-tc-d3018_neonpink_1.jpg

530454930,product,http://www.cicihot.com/media/catalog/product/c/l/clothing-dresses-cod-d-3840-a-red_red_1_3.jpg

530454931,product,http://www.cicihot.com/media/catalog/product/c/l/clothing-dresses-cod-d-3908-blk_black_1.jpg

530454932,product,http://www.cicihot.com/media/catalog/product/c/l/clothing-dresses-cod-d-3908-red_red_1.jpg

530454933,product,http://www.cicihot.com/media/catalog/product/c/l/clothing-tops-tees-kt-ca4730-blk_black_1.jpg

530454934,product,http://www.cicihot.com/media/catalog/product/c/l/clothing-tops-tees-kt-ca4730-red_red_1.jpg

530454935,product,http://www.cicihot.com/media/catalog/product/s/h/shoes-wedges-lfi-jordyn-01-blk_black_1.jpg

530454936,product,http://www.cicihot.com/media/catalog/product/c/l/clothing-dresses-trl-d2029_fuchsia_1.jpg

530454937,product,http://www.cicihot.com/media/catalog/product/c/l/clothing-dresses-trl-d2040-blk_black_1.jpg

530454938,product,http://www.cicihot.com/media/catalog/product/c/l/clothing-dresses-trl-d2058_white_1.jpg

530454939,product,http://www.cicihot.com/media/catalog/product/c/l/clothing-dresses-trl-d251_yellow_1.jpg

530454940,product,http://www.cicihot.com/media/catalog/product/c/l/clothing-dresses-trl-d262_green_1.jpg

530454941,product,http://www.cicihot.com/media/catalog/product/c/l/clothing-dresses-trl-d339-ltgry_ltgrey_5.jpg

530454942,product,http://www.cicihot.com/media/catalog/product/c/l/clothing-dresses-trl-d339-royblu_royalblue_1.jpg

530454943,product,http://www.cicihot.com/media/catalog/product/s/h/shoes-flats-jpo-rockstud-blk_black_1.jpg

530454944,product,http://www.cicihot.com/media/catalog/product/s/h/shoes-flats-jpo-rockstud-blu_blue_1.jpg

530454945,product,http://www.cicihot.com/media/catalog/product/s/h/shoes-flats-jpo-rockstud-red_red_1.jpg

530454946,product,http://www.cicihot.com/media/catalog/product/a/c/accessories-necklaces-fam-5100001639_blackgold_1.jpg

530454947,product,http://www.cicihot.com/media/catalog/product/a/c/accessories-necklaces-fam-5100009002_ivory_1.jpg

530454948,product,http://www.cicihot.com/media/catalog/product/a/c/accessories-necklaces-fam-6100001151_ivory_1.jpg

530454949,product,http://www.cicihot.com/media/catalog/product/a/c/accessories-necklaces-fam-nj186_blackgold_1.jpg

530454950,product,http://www.cicihot.com/media/catalog/product/c/l/clothing-dresses-tt-td4144_black_2.jpg

530454951,product,http://www.cicihot.com/media/catalog/product/s/h/shoes-heels-mia-estela-blk_black_1_1.jpg

530454952,product,http://www.cicihot.com/media/catalog/product/c/l/clothing-dresses-tt-td5551_ltgrey_1.jpg

530454953,product,http://www.cicihot.com/media/catalog/product/a/c/accessories-rings-fam-5100000899_white_1.jpg

530454954,product,http://www.cicihot.com/media/catalog/product/a/c/accessories-rings-fam-er1025_orange_2.jpg

530454955,product,http://www.cicihot.com/media/catalog/product/c/l/clothing-dresses-umg-c6064-blu_blue_1.jpg

530454956,product,http://www.cicihot.com/media/catalog/product/s/h/shoes-heels-bii-jessie09-blk_black_1.jpg

530454957,product,http://www.cicihot.com/media/catalog/product/s/h/shoes-heels-bii-jessie09-red_red_1.jpg

530454959,product,http://www.cicihot.com/media/catalog/product/s/h/shoes-heels-srl-narsha-blk_black_1.jpg

530454960,product,http://www.cicihot.com/media/catalog/product/s/h/shoes-heels-srl-narsha-whte_white_1.jpg

530703562,product,http://www.cicihot.com/media/catalog/product/a/c/accessories-earrings-jti-de-1113-je_gold_1.jpg

530703563,product,http://www.cicihot.com/media/catalog/product/c/l/clothing-tops-tanks-umg-a8109_red_1.jpg

530703564,product,http://www.cicihot.com/media/catalog/product/c/l/clothing-dresses-trl-d2034_black_1.jpg

530703565,product,http://www.cicihot.com/media/catalog/product/c/l/clothing-bottom-jeans-spa-p964_blue_1.jpg

530703566,product,http://www.cicihot.com/media/catalog/product/c/l/clothing-bottoms-leggings-p5436-blk_black_1.jpg

530703567,product,http://www.cicihot.com/media/catalog/product/c/l/clothing-bottoms-leggings-p5436-whte_white_1.jpg

530703568,product,http://www.cicihot.com/media/catalog/product/c/l/clothing-tops-blouse-trl-t1069_black_1.jpg

530703569,product,http://www.cicihot.com/media/catalog/product/c/l/clothing-tops-cropped-trl-t1638-blk_black_1.jpg

530703570,product,http://www.cicihot.com/media/catalog/product/c/l/clothing-tops-cropped-trl-t1638-ivry_ivory_1.jpg

530703571,product,http://www.cicihot.com/media/catalog/product/c/l/clothing-tops-cropped-trl-t1639-blk_black_1.jpg

530703572,product,http://www.cicihot.com/media/catalog/product/c/l/clothing-tops-cropped-trl-t1639-crm_cream_1.jpg

530703573,product,http://www.cicihot.com/media/catalog/product/c/l/clothing-tops-jumpsuit-kt-kj1082_red_1.jpg

530703574,product,http://www.cicihot.com/media/catalog/product/c/l/clothing-bottoms-skirts-tc-s6638_black_1.jpg

530703575,product,http://www.cicihot.com/media/catalog/product/c/l/clothing-bottoms-skirts-trl-s054_peach_1.jpg

530947243,product,http://www.cicihot.com/media/catalog/product/s/h/shoes-wedges-kii-mallika-52-min_mint_1_1.jpg

530947244,product,http://www.cicihot.com/media/catalog/product/s/h/shoes-flats-kii-suby-2-blk_black_1.jpg

530947245,product,http://www.cicihot.com/media/catalog/product/s/h/shoes-flats-kii-suby-2-gld_gold_1.jpg

530947246,product,http://www.cicihot.com/media/catalog/product/s/h/shoes-flats-kii-suby-2-nud_nude_1.jpg

530947247,product,http://www.cicihot.com/media/catalog/product/s/h/shoes-flats-kii-suby-2-pink_pink_1.jpg

530947248,product,http://www.cicihot.com/media/catalog/product/s/h/shoes-flats-kii-suby-2-yell_yellow_1.jpg

530947249,product,http://www.cicihot.com/media/catalog/product/s/h/shoes-heels-bii-elle68-blk_black_1.jpg

530947250,product,http://www.cicihot.com/media/catalog/product/s/h/shoes-heels-bii-elle68-whte_white_1.jpg

530947251,product,http://www.cicihot.com/media/catalog/product/s/h/shoes-heels-rk-littleprincess-blkgrn_green_1.jpg

530947252,product,http://www.cicihot.com/media/catalog/product/s/h/shoes-heels-rk-littleprincess-blkorg_orange_1.jpg

530947253,product,http://www.cicihot.com/media/catalog/product/s/h/shoes-heels-rk-littleprincess-blkwhte_blackwhite_1.jpg

530947254,product,http://www.cicihot.com/media/catalog/product/s/h/shoes-heels-srl-cameo-blk_black_1.jpg

530947255,product,http://www.cicihot.com/media/catalog/product/s/h/shoes-heels-srl-camuto_black_1.jpg

530947256,product,http://www.cicihot.com/media/catalog/product/s/h/shoes-heels-srl-narsha-pink_pink_1_1.jpg

530947257,product,http://www.cicihot.com/media/catalog/product/s/h/shoes-heels-srl-parrish_nude_1.jpg

530947258,product,http://www.cicihot.com/media/catalog/product/c/l/clothing-tops-blouse-umg-um4281-blk_black_1.jpg

530947259,product,http://www.cicihot.com/media/catalog/product/c/l/clothing-tops-blouse-umg-um4281-pin_pink_1.jpg

530947260,product,http://www.cicihot.com/media/catalog/product/s/h/shoes-sandals-kii-aurora-122-bge_beige_1.jpg

530947261,product,http://www.cicihot.com/media/catalog/product/s/h/shoes-sandals-kii-aurora-122-blk_black_1.jpg

530947262,product,http://www.cicihot.com/media/catalog/product/s/h/shoes-sandals-kii-aurora-122-cor_coral_1.jpg

530947263,product,http://www.cicihot.com/media/catalog/product/s/h/shoes-sandals-lfi-joanie-01-blk_black_1.jpg

530947264,product,http://www.cicihot.com/media/catalog/product/s/h/shoes-sandals-lfi-joanie-01-nud_nude_1.jpg

530947265,product,http://www.cicihot.com/media/catalog/product/s/h/shoes-sandals-lfi-kayden-01-blk_black_1.jpg

530947266,product,http://www.cicihot.com/media/catalog/product/s/h/shoes-sandals-lfi-kayden-01-nud_nude_1.jpg

530947267,product,http://www.cicihot.com/media/catalog/product/s/h/shoes-sandals-lfi-pauleen-01-clear_clear_1_2.jpg

530947268,product,http://www.cicihot.com/media/catalog/product/s/h/shoes-sandals-lfi-pauleen-01-smoke_darkgrey_1.jpg

530947269,product,http://www.cicihot.com/media/catalog/product/c/l/clothing-bottoms-skirt-umg-a7978_cobalt_1.jpg

530947270,product,http://www.cicihot.com/media/catalog/product/s/h/shoes-heels-kii-afragola-29-blk_black_1.jpg

530947271,product,http://www.cicihot.com/media/catalog/product/s/h/shoes-heels-kii-afragola-29-nud_nude_1.jpg

530947272,product,http://www.cicihot.com/media/catalog/product/a/c/accesories-scarfs-jti-sm-164_multi_1.jpg

530947273,product,http://www.cicihot.com/media/catalog/product/a/c/accesories-scarfs-jti-swe-740-sea_seafoam_1.jpg

530947274,product,http://www.cicihot.com/media/catalog/product/a/c/accesories-scarfs-jti-swe-740-yllw_yellow_1.jpg

530947275,product,http://www.cicihot.com/media/catalog/product/c/l/clothing-bottoms-skirts-trl-s3029-char_char_1.jpg

530947276,product,http://www.cicihot.com/media/catalog/product/c/l/clothing-bottoms-skirts-trl-s3029-dkteal_darkteal_1.jpg

530947277,product,http://www.cicihot.com/media/catalog/product/c/l/clothing-bottoms-skirts-trl-s3029-moc_mocha_1.jpg

530947278,product,http://www.cicihot.com/media/catalog/product/s/h/shoes-heels-kii-maniac-5-blk_black_1.jpg

530947279,product,http://www.cicihot.com/media/catalog/product/s/h/shoes-heels-kii-maniac-5-min_mint_1.jpg

530947280,product,http://www.cicihot.com/media/catalog/product/s/h/shoes-heels-kii-maniac-5-nud_nude_1.jpg

530947281,product,http://www.cicihot.com/media/catalog/product/s/h/shoes-heels-kii-maniac-5-pink_pink_1.jpg

530947282,product,http://www.cicihot.com/media/catalog/product/s/h/shoes-heels-kii-maniac-5-red_red_1.jpg

530947283,product,http://www.cicihot.com/media/catalog/product/s/h/shoes-heels-kii-maniac-5-yell_yellow_1.jpg

530947284,product,http://www.cicihot.com/media/catalog/product/s/h/shoes-heels-kii-reseda-48-blk_black_1.jpg

530947285,product,http://www.cicihot.com/media/catalog/product/s/h/shoes-heels-kii-reseda-48-red_red_1_1.jpg

530947286,product,http://www.cicihot.com/media/catalog/product/s/h/shoes-heels-kii-reseda-48-whte_white_1.jpg

530947287,product,http://www.cicihot.com/media/catalog/product/s/h/shoes-heels-lfi-adele-81-blk_black_1.jpg

530947288,product,http://www.cicihot.com/media/catalog/product/s/h/shoes-heels-lfi-adele-81-whisky_whiskey_1.jpg

530978785,product,http://www.cicihot.com/media/catalog/product/a/c/accessories-bags-ica-cp-1853_yellow_1.jpg

530978786,product,http://www.cicihot.com/media/catalog/product/s/h/shoes-heels-elc-arctic-21a_black_1_1.jpg

530978787,product,http://www.cicihot.com/media/catalog/product/c/l/clothing-bottoms-leggings-p5495-blk_black_1.jpg

530978788,product,http://www.cicihot.com/media/catalog/product/c/l/clothing-bottoms-leggings-p5495-whte_white_1.jpg

530978789,product,http://www.cicihot.com/media/catalog/product/s/h/shoes-pumps-elc-serenity-01_taupe_1.jpg

531065409,product,http://www.cicihot.com/media/catalog/product/s/h/shoes-booties-jpo-stealth-blk_black_1.jpg

531065410,product,http://www.cicihot.com/media/catalog/product/s/h/shoes-booties-jpo-stealth-tan_tan_1.jpg

531065411,product,http://www.cicihot.com/media/catalog/product/s/h/shoes-booties-jpo-stealth-whte_white_1.jpg

531065412,product,http://www.cicihot.com/media/catalog/product/s/h/shoes-booties-jpo-venture-blk_black_1.jpg

531065413,product,http://www.cicihot.com/media/catalog/product/s/h/shoes-booties-jpo-venture-chn_chestnut_1.jpg

531065414,product,http://www.cicihot.com/media/catalog/product/s/h/shoes-booties-jpo-venture-nud_nude_1.jpg

531065415,product,http://www.cicihot.com/media/catalog/product/s/h/shoes-sandals-jpo-lynna-69-blk_black_1.jpg

531065416,product,http://www.cicihot.com/media/catalog/product/s/h/shoes-sandals-jpo-lynna-69-chn_chestnut_1.jpg

531065417,product,http://www.cicihot.com/media/catalog/product/s/h/shoes-sandals-jpo-lynna-69-whte_white_1.jpg

531065418,product,http://www.cicihot.com/media/catalog/product/s/h/shoes-sandals-jpo-proximo-blk_black_1.jpg

531065419,product,http://www.cicihot.com/media/catalog/product/s/h/shoes-sandals-jpo-proximo-chn_chestnut_1.jpg

531065420,product,http://www.cicihot.com/media/catalog/product/s/h/shoes-sandals-jpo-proximo-whte_white_1.jpg

531065421,product,http://www.cicihot.com/media/catalog/product/s/h/shoes-sandals-jpo-roman-blk_black_1.jpg

531065422,product,http://www.cicihot.com/media/catalog/product/s/h/shoes-sandals-jpo-roman-chn_chestnut_1.jpg

531065423,product,http://www.cicihot.com/media/catalog/product/s/h/shoes-sandals-jpo-roman-gld_gold_1.jpg

531065424,product,http://www.cicihot.com/media/catalog/product/s/h/shoes-sandals-jpo-roman-whte_white_1.jpg

531065425,product,http://www.cicihot.com/media/catalog/product/s/h/shoes-boots-ooc-alabama-12-tan_tan_1.jpg

531065426,product,http://www.cicihot.com/media/catalog/product/s/h/shoes-heels-lfi-bridget-20_black_1.jpg

531065427,product,http://www.cicihot.com/media/catalog/product/s/h/shoes-booties-jpo-guru-blk_black_1.jpg

531065428,product,http://www.cicihot.com/media/catalog/product/s/h/shoes-booties-jpo-guru-cog_cognac_1.jpg

531065429,product,http://www.cicihot.com/media/catalog/product/s/h/shoes-booties-jpo-guru-leo_leopard_1.jpg

531065430,product,http://www.cicihot.com/media/catalog/product/s/h/shoes-booties-jpo-guru-stn_stone_1.jpg

