FALSE,clothing-outfit-xxx4-1089red,http://www.amiclubwear.com/clothing-outfit-xxx4-1089red.html?aff=cj,http://www.kqzyfj.com/l0102p-85-7NVRVRSQWNPPSWXSXP?url=http%3A%2F%2Fwww.amiclubwear.com%2Fclothing-outfit-xxx4-1089red.html%3Faff%3Dcj&cjsku=clothing-outfit-xxx4-1089red
FALSE,swimsuit-twopiece-clr-01256red,http://www.amiclubwear.com/swimsuit-twopiece-clr-01256red.html?aff=cj,http://www.jdoqocy.com/n5101wktqks7FBFBCAG799CGHCH9?url=http%3A%2F%2Fwww.amiclubwear.com%2Fswimsuit-twopiece-clr-01256red.html%3Faff%3Dcj&cjsku=swimsuit-twopiece-clr-01256red
FALSE,clothing-dress-bbbb10-883720redblack,http://www.amiclubwear.com/clothing-dress-bbbb10-883720redblack.html?aff=cj,http://www.tkqlhce.com/9a103efolfn2A6A675B2447BC7C4?url=http%3A%2F%2Fwww.amiclubwear.com%2Fclothing-dress-bbbb10-883720redblack.html%3Faff%3Dcj&cjsku=clothing-dress-bbbb10-883720redblack
FALSE,clothing-dress-xxx4-1053red,http://www.amiclubwear.com/clothing-dress-xxx4-1053red.html?aff=cj,http://www.kqzyfj.com/dk116efolfn2A6A675B2447BC7C4?url=http%3A%2F%2Fwww.amiclubwear.com%2Fclothing-dress-xxx4-1053red.html%3Faff%3Dcj&cjsku=clothing-dress-xxx4-1053red
FALSE,clothing-dress-xxx4-1096red,http://www.amiclubwear.com/clothing-dress-xxx4-1096red.html?aff=cj,http://www.kqzyfj.com/mp118nmvsmu9HDHDECI9BBEIJEJB?url=http%3A%2F%2Fwww.amiclubwear.com%2Fclothing-dress-xxx4-1096red.html%3Faff%3Dcj&cjsku=clothing-dress-xxx4-1096red
FALSE,clothing-dress-a9-d3727red,http://www.amiclubwear.com/clothing-dress-a9-d3727red.html?aff=cj,http://www.jdoqocy.com/i3102mu2-u1HPLPLMKQHJJMQRMRJ?url=http%3A%2F%2Fwww.amiclubwear.com%2Fclothing-dress-a9-d3727red.html%3Faff%3Dcj&cjsku=clothing-dress-a9-d3727red
FALSE,shoes-heels-mmc-estela-1redmulticanvas,http://www.amiclubwear.com/shoes-heels-mmc-estela-1redmulticanvas.html?aff=cj,http://www.dpbolvw.net/2d100kjspjr6EAEAB9F688BFGBG8?url=http%3A%2F%2Fwww.amiclubwear.com%2Fshoes-heels-mmc-estela-1redmulticanvas.html%3Faff%3Dcj&cjsku=shoes-heels-mmc-estela-1redmulticanvas
FALSE,shoes-heels-ki-luxy-13red,http://www.amiclubwear.com/shoes-heels-ki-luxy-13red.html?aff=cj,http://www.anrdoezrs.net/t270uoxuowBJFJFGEKBDDGKLGLD?url=http%3A%2F%2Fwww.amiclubwear.com%2Fshoes-heels-ki-luxy-13red.html%3Faff%3Dcj&cjsku=shoes-heels-ki-luxy-13red
FALSE,clothing-dress-xxx4-1043red,http://www.amiclubwear.com/clothing-dress-xxx4-1043red.html?aff=cj,http://www.jdoqocy.com/a4111dlurlt8GCGCDBH8AADHIDIA?url=http%3A%2F%2Fwww.amiclubwear.com%2Fclothing-dress-xxx4-1043red.html%3Faff%3Dcj&cjsku=clothing-dress-xxx4-1043red
FALSE,clothing-dress-xxx4-1048red,http://www.amiclubwear.com/clothing-dress-xxx4-1048red.html?aff=cj,http://www.dpbolvw.net/fk117js0ys-FNJNJKIOFHHKOPKPH?url=http%3A%2F%2Fwww.amiclubwear.com%2Fclothing-dress-xxx4-1048red.html%3Faff%3Dcj&cjsku=clothing-dress-xxx4-1048red
FALSE,clothing-dress-xxx4-1050red,http://www.amiclubwear.com/clothing-dress-xxx4-1050red.html?aff=cj,http://www.dpbolvw.net/cc111efolfn2A6A675B2447BC7C4?url=http%3A%2F%2Fwww.amiclubwear.com%2Fclothing-dress-xxx4-1050red.html%3Faff%3Dcj&cjsku=clothing-dress-xxx4-1050red
FALSE,clothing-dress-xxx4-1055red,http://www.amiclubwear.com/clothing-dress-xxx4-1055red.html?aff=cj,http://www.dpbolvw.net/click-7373428-11489491?url=http%3A%2F%2Fwww.amiclubwear.com%2Fclothing-dress-xxx4-1055red.html%3Faff%3Dcj&cjsku=clothing-dress-xxx4-1055red
FALSE,accessories-necklace-ic-14apn001red,http://www.amiclubwear.com/accessories-necklace-ic-14apn001red.html?aff=cj,http://www.dpbolvw.net/hg116y1A719PXTXTUSYPRRUYZUZR?url=http%3A%2F%2Fwww.amiclubwear.com%2Faccessories-necklace-ic-14apn001red.html%3Faff%3Dcj&cjsku=accessories-necklace-ic-14apn001red
FALSE,shoes-heels-ki-luxy-16red,http://www.amiclubwear.com/shoes-heels-ki-luxy-16red.html?aff=cj,http://www.dpbolvw.net/mg101shqnhp4C8C897D4669DE9E6?url=http%3A%2F%2Fwww.amiclubwear.com%2Fshoes-heels-ki-luxy-16red.html%3Faff%3Dcj&cjsku=shoes-heels-ki-luxy-16red
FALSE,shoes-heels-ki-maniac-5red,http://www.amiclubwear.com/shoes-heels-ki-maniac-5red.html?aff=cj,http://www.tkqlhce.com/4n98biroiq5D9D9A8E577AEFAF7?url=http%3A%2F%2Fwww.amiclubwear.com%2Fshoes-heels-ki-maniac-5red.html%3Faff%3Dcj&cjsku=shoes-heels-ki-maniac-5red
FALSE,clothing-dress-a9-d-3783red,http://www.amiclubwear.com/clothing-dress-a9-d-3783red.html?aff=cj,http://www.jdoqocy.com/b274y1A719PXTXTUSYPRRUYZUZR?url=http%3A%2F%2Fwww.amiclubwear.com%2Fclothing-dress-a9-d-3783red.html%3Faff%3Dcj&cjsku=clothing-dress-a9-d-3783red
FALSE,clothing-dress-a9-d3736red,http://www.amiclubwear.com/clothing-dress-a9-d3736red.html?aff=cj,http://www.tkqlhce.com/click-7373428-11489491?url=http%3A%2F%2Fwww.amiclubwear.com%2Fclothing-dress-a9-d3736red.html%3Faff%3Dcj&cjsku=clothing-dress-a9-d3736red
FALSE,accessories-earrings-sdg-gve15597red,http://www.amiclubwear.com/accessories-earrings-sdg-gve15597red.html?aff=cj,http://www.dpbolvw.net/6181efolfn2A6A675B2447BC7C4?url=http%3A%2F%2Fwww.amiclubwear.com%2Faccessories-earrings-sdg-gve15597red.html%3Faff%3Dcj&cjsku=accessories-earrings-sdg-gve15597red
FALSE,shoes-wedges-mmc-noriared,http://www.amiclubwear.com/shoes-wedges-mmc-noriared.html?aff=cj,http://www.dpbolvw.net/ds70ft1zt0GOKOKLJPGIILPQLQI?url=http%3A%2F%2Fwww.amiclubwear.com%2Fshoes-wedges-mmc-noriared.html%3Faff%3Dcj&cjsku=shoes-wedges-mmc-noriared
FALSE,shoes-heels-ki-roy-1red,http://www.amiclubwear.com/shoes-heels-ki-roy-1red.html?aff=cj,http://www.jdoqocy.com/5e103uoxuowBJFJFGEKBDDGKLGLD?url=http%3A%2F%2Fwww.amiclubwear.com%2Fshoes-heels-ki-roy-1red.html%3Faff%3Dcj&cjsku=shoes-heels-ki-roy-1red
FALSE,shoes-wedges-gw-eliana-03red,http://www.amiclubwear.com/shoes-wedges-gw-eliana-03red.html?aff=cj,http://www.tkqlhce.com/2g66xdmjdl0848453902259A5A2?url=http%3A%2F%2Fwww.amiclubwear.com%2Fshoes-wedges-gw-eliana-03red.html%3Faff%3Dcj&cjsku=shoes-wedges-gw-eliana-03red
FALSE,clothing-dress-xxx4-1092red,http://www.amiclubwear.com/clothing-dress-xxx4-1092red.html?aff=cj,http://www.jdoqocy.com/no118wktqks7FBFBCAG799CGHCH9?url=http%3A%2F%2Fwww.amiclubwear.com%2Fclothing-dress-xxx4-1092red.html%3Faff%3Dcj&cjsku=clothing-dress-xxx4-1092red
FALSE,shoes-heels-el-jocelyn-24redpatpu,http://www.amiclubwear.com/shoes-heels-el-jocelyn-24redpatpu.html?aff=cj,http://www.anrdoezrs.net/ob117xdmjdl0848453902259A5A2?url=http%3A%2F%2Fwww.amiclubwear.com%2Fshoes-heels-el-jocelyn-24redpatpu.html%3Faff%3Dcj&cjsku=shoes-heels-el-jocelyn-24redpatpu
FALSE,clothing-dress-a9-d-3022redmulti,http://www.amiclubwear.com/clothing-dress-a9-d-3022redmulti.html?aff=cj,http://www.anrdoezrs.net/7h104iqzwqyDLHLHIGMDFFIMNINF?url=http%3A%2F%2Fwww.amiclubwear.com%2Fclothing-dress-a9-d-3022redmulti.html%3Faff%3Dcj&cjsku=clothing-dress-a9-d-3022redmulti
FALSE,clothing-dress-aa-d-15655redmulti,http://www.amiclubwear.com/clothing-dress-aa-d-15655redmulti.html?aff=cj,http://www.anrdoezrs.net/ml105iqzwqyDLHLHIGMDFFIMNINF?url=http%3A%2F%2Fwww.amiclubwear.com%2Fclothing-dress-aa-d-15655redmulti.html%3Faff%3Dcj&cjsku=clothing-dress-aa-d-15655redmulti
FALSE,shoes-heels-ki-roxanne-1red,http://www.amiclubwear.com/shoes-heels-ki-roxanne-1red.html?aff=cj,http://www.dpbolvw.net/jk122vpyvpxCKGKGHFLCEEHLMHME?url=http%3A%2F%2Fwww.amiclubwear.com%2Fshoes-heels-ki-roxanne-1red.html%3Faff%3Dcj&cjsku=shoes-heels-ki-roxanne-1red
FALSE,clothing-dress-bbbb10-883975red,http://www.amiclubwear.com/clothing-dress-bbbb10-883975red.html?aff=cj,http://www.kqzyfj.com/1d111iqzwqyDLHLHIGMDFFIMNINF?url=http%3A%2F%2Fwww.amiclubwear.com%2Fclothing-dress-bbbb10-883975red.html%3Faff%3Dcj&cjsku=clothing-dress-bbbb10-883975red
FALSE,clothing-dress-xxx4-1051red,http://www.amiclubwear.com/clothing-dress-xxx4-1051red.html?aff=cj,http://www.anrdoezrs.net/j1108iqzwqyDLHLHIGMDFFIMNINF?url=http%3A%2F%2Fwww.amiclubwear.com%2Fclothing-dress-xxx4-1051red.html%3Faff%3Dcj&cjsku=clothing-dress-xxx4-1051red
FALSE,clothing-dress-xxx4-1087red,http://www.amiclubwear.com/clothing-dress-xxx4-1087red.html?aff=cj,http://www.dpbolvw.net/o5122js0ys-FNJNJKIOFHHKOPKPH?url=http%3A%2F%2Fwww.amiclubwear.com%2Fclothing-dress-xxx4-1087red.html%3Faff%3Dcj&cjsku=clothing-dress-xxx4-1087red
FALSE,clothing-dress-xxx4-965red,http://www.amiclubwear.com/clothing-dress-xxx4-965red.html?aff=cj,http://www.anrdoezrs.net/69117tenkem1959564A1336AB6B3?url=http%3A%2F%2Fwww.amiclubwear.com%2Fclothing-dress-xxx4-965red.html%3Faff%3Dcj&cjsku=clothing-dress-xxx4-965red
FALSE,shoes-heels-el-laisha-06redsupu,http://www.amiclubwear.com/shoes-heels-el-laisha-06redsupu.html?aff=cj,http://www.kqzyfj.com/nb104nmvsmu9HDHDECI9BBEIJEJB?url=http%3A%2F%2Fwww.amiclubwear.com%2Fshoes-heels-el-laisha-06redsupu.html%3Faff%3Dcj&cjsku=shoes-heels-el-laisha-06redsupu
FALSE,accessories-necklace-ic-14apn002red,http://www.amiclubwear.com/accessories-necklace-ic-14apn002red.html?aff=cj,http://www.kqzyfj.com/r779nmvsmu9HDHDECI9BBEIJEJB?url=http%3A%2F%2Fwww.amiclubwear.com%2Faccessories-necklace-ic-14apn002red.html%3Faff%3Dcj&cjsku=accessories-necklace-ic-14apn002red
FALSE,accessories-necklace-ic-14appn006red,http://www.amiclubwear.com/accessories-necklace-ic-14appn006red.html?aff=cj,http://www.anrdoezrs.net/31111zw41w3JRNRNOMSJLLOSTOTL?url=http%3A%2F%2Fwww.amiclubwear.com%2Faccessories-necklace-ic-14appn006red.html%3Faff%3Dcj&cjsku=accessories-necklace-ic-14appn006red
FALSE,clothing-dress-a9-d3927red,http://www.amiclubwear.com/clothing-dress-a9-d3927red.html?aff=cj,http://www.anrdoezrs.net/6s79kjspjr6EAEAB9F688BFGBG8?url=http%3A%2F%2Fwww.amiclubwear.com%2Fclothing-dress-a9-d3927red.html%3Faff%3Dcj&cjsku=clothing-dress-a9-d3927red
FALSE,clothing-dress-bbbb10-222023red,http://www.amiclubwear.com/clothing-dress-bbbb10-222023red.html?aff=cj,http://www.anrdoezrs.net/np82cy63y5LTPTPQOULNNQUVQVN?url=http%3A%2F%2Fwww.amiclubwear.com%2Fclothing-dress-bbbb10-222023red.html%3Faff%3Dcj&cjsku=clothing-dress-bbbb10-222023red
FALSE,clothing-dress-bbbb10-882677red,http://www.amiclubwear.com/clothing-dress-bbbb10-882677red.html?aff=cj,http://www.kqzyfj.com/ei77r09608OWSWSTRXOQQTXYTYQ?url=http%3A%2F%2Fwww.amiclubwear.com%2Fclothing-dress-bbbb10-882677red.html%3Faff%3Dcj&cjsku=clothing-dress-bbbb10-882677red
FALSE,clothing-dress-a9-d2664-sred,http://www.amiclubwear.com/clothing-dress-a9-d2664-sred.html?aff=cj,http://www.tkqlhce.com/5l115js0ys-FNJNJKIOFHHKOPKPH?url=http%3A%2F%2Fwww.amiclubwear.com%2Fclothing-dress-a9-d2664-sred.html%3Faff%3Dcj&cjsku=clothing-dress-a9-d2664-sred
FALSE,clothing-outfit-aa-db-378redmulti,http://www.amiclubwear.com/clothing-outfit-aa-db-378redmulti.html?aff=cj,http://www.tkqlhce.com/bn104efolfn2A6A675B2447BC7C4?url=http%3A%2F%2Fwww.amiclubwear.com%2Fclothing-outfit-aa-db-378redmulti.html%3Faff%3Dcj&cjsku=clothing-outfit-aa-db-378redmulti
FALSE,clothing-dress-vvv6-ad6477redmulti,http://www.amiclubwear.com/clothing-dress-vvv6-ad6477redmulti.html?aff=cj,http://www.anrdoezrs.net/click-7373428-11489491?url=http%3A%2F%2Fwww.amiclubwear.com%2Fclothing-dress-vvv6-ad6477redmulti.html%3Faff%3Dcj&cjsku=clothing-dress-vvv6-ad6477redmulti
FALSE,clothing-dress-a9-d-3040redmulti,http://www.amiclubwear.com/clothing-dress-a9-d-3040redmulti.html?aff=cj,http://www.kqzyfj.com/2l116xdmjdl0848453902259A5A2?url=http%3A%2F%2Fwww.amiclubwear.com%2Fclothing-dress-a9-d-3040redmulti.html%3Faff%3Dcj&cjsku=clothing-dress-a9-d-3040redmulti
FALSE,clothing-dress-a9-d3482redmulti,http://www.amiclubwear.com/clothing-dress-a9-d3482redmulti.html?aff=cj,http://www.dpbolvw.net/5d66ft1zt0GOKOKLJPGIILPQLQI?url=http%3A%2F%2Fwww.amiclubwear.com%2Fclothing-dress-a9-d3482redmulti.html%3Faff%3Dcj&cjsku=clothing-dress-a9-d3482redmulti
FALSE,clothing-outfit-vvv6-kdn-6227red,http://www.amiclubwear.com/clothing-outfit-vvv6-kdn-6227red.html?aff=cj,http://www.jdoqocy.com/nl79kjspjr6EAEAB9F688BFGBG8?url=http%3A%2F%2Fwww.amiclubwear.com%2Fclothing-outfit-vvv6-kdn-6227red.html%3Faff%3Dcj&cjsku=clothing-outfit-vvv6-kdn-6227red
FALSE,shoes-heels-plsr-fab-420wredpat,http://www.amiclubwear.com/shoes-heels-plsr-fab-420wredpat.html?aff=cj,http://www.kqzyfj.com/de81iqzwqyDLHLHIGMDFFIMNINF?url=http%3A%2F%2Fwww.amiclubwear.com%2Fshoes-heels-plsr-fab-420wredpat.html%3Faff%3Dcj&cjsku=shoes-heels-plsr-fab-420wredpat
FALSE,clothing-dress-xxx4-992red,http://www.amiclubwear.com/clothing-dress-xxx4-992red.html?aff=cj,http://www.tkqlhce.com/6e108p-85-7NVRVRSQWNPPSWXSXP?url=http%3A%2F%2Fwww.amiclubwear.com%2Fclothing-dress-xxx4-992red.html%3Faff%3Dcj&cjsku=clothing-dress-xxx4-992red
FALSE,clothing-dress-vvv6-952redblack,http://www.amiclubwear.com/clothing-dress-vvv6-952redblack.html?aff=cj,http://www.kqzyfj.com/js118gv30v2IQMQMNLRIKKNRSNSK?url=http%3A%2F%2Fwww.amiclubwear.com%2Fclothing-dress-vvv6-952redblack.html%3Faff%3Dcj&cjsku=clothing-dress-vvv6-952redblack
FALSE,clothing-dress-bbbb10-883744red,http://www.amiclubwear.com/clothing-dress-bbbb10-883744red.html?aff=cj,http://www.anrdoezrs.net/6s79shqnhp4C8C897D4669DE9E6?url=http%3A%2F%2Fwww.amiclubwear.com%2Fclothing-dress-bbbb10-883744red.html%3Faff%3Dcj&cjsku=clothing-dress-bbbb10-883744red
FALSE,clothing-dress-xxx4-1088redblack,http://www.amiclubwear.com/clothing-dress-xxx4-1088redblack.html?aff=cj,http://www.tkqlhce.com/6t97gv30v2IQMQMNLRIKKNRSNSK?url=http%3A%2F%2Fwww.amiclubwear.com%2Fclothing-dress-xxx4-1088redblack.html%3Faff%3Dcj&cjsku=clothing-dress-xxx4-1088redblack
FALSE,clothing-dress-bbbb10-221218redblack,http://www.amiclubwear.com/clothing-dress-bbbb10-221218redblack.html?aff=cj,http://www.dpbolvw.net/cc111dlurlt8GCGCDBH8AADHIDIA?url=http%3A%2F%2Fwww.amiclubwear.com%2Fclothing-dress-bbbb10-221218redblack.html%3Faff%3Dcj&cjsku=clothing-dress-bbbb10-221218redblack
FALSE,clothing-dress-xxx4-1055red,http://www.amiclubwear.com/clothing-dress-xxx4-1055red.html?aff=cj,http://www.jdoqocy.com/s875ox52x4KSOSOPNTKMMPTUPUM?url=http%3A%2F%2Fwww.amiclubwear.com%2Fclothing-dress-xxx4-1055red.html%3Faff%3Dcj&cjsku=clothing-dress-xxx4-1055red
FALSE,clothing-dress-xxx4-1087red,http://www.amiclubwear.com/clothing-dress-xxx4-1087red.html?aff=cj,http://www.dpbolvw.net/lk70kjspjr6EAEAB9F688BFGBG8?url=http%3A%2F%2Fwww.amiclubwear.com%2Fclothing-dress-xxx4-1087red.html%3Faff%3Dcj&cjsku=clothing-dress-xxx4-1087red
FALSE,clothing-dress-vvv6-ad6477redmulti,http://www.amiclubwear.com/clothing-dress-vvv6-ad6477redmulti.html?aff=cj,http://www.dpbolvw.net/13111shqnhp4C8C897D4669DE9E6?url=http%3A%2F%2Fwww.amiclubwear.com%2Fclothing-dress-vvv6-ad6477redmulti.html%3Faff%3Dcj&cjsku=clothing-dress-vvv6-ad6477redmulti
FALSE,clothing-dress-xxx4-1088redblack,http://www.amiclubwear.com/clothing-dress-xxx4-1088redblack.html?aff=cj,http://www.anrdoezrs.net/b4100nmvsmu9HDHDECI9BBEIJEJB?url=http%3A%2F%2Fwww.amiclubwear.com%2Fclothing-dress-xxx4-1088redblack.html%3Faff%3Dcj&cjsku=clothing-dress-xxx4-1088redblack
FALSE,clothing-dress-xxx4-989red,http://www.amiclubwear.com/clothing-dress-xxx4-989red.html?aff=cj,http://www.anrdoezrs.net/c0110gv30v2IQMQMNLRIKKNRSNSK?url=http%3A%2F%2Fwww.amiclubwear.com%2Fclothing-dress-xxx4-989red.html%3Faff%3Dcj&cjsku=clothing-dress-xxx4-989red
FALSE,shoes-boots-plsr-electra-2020red,http://www.amiclubwear.com/shoes-boots-plsr-electra-2020red.html?aff=cj,http://www.tkqlhce.com/jk122hz74z6MUQUQRPVMOORVWRWO?url=http%3A%2F%2Fwww.amiclubwear.com%2Fshoes-boots-plsr-electra-2020red.html%3Faff%3Dcj&cjsku=shoes-boots-plsr-electra-2020red